[
    {
        "model": "workspace.position",
        "pk": 1,
        "fields": {
            "name": "Software Engineer"
        }
    },
    {
        "model": "workspace.position",
        "pk": 2,
        "fields": {
            "name": "DevOps Specialist"
        }
    },
    {
        "model": "workspace.position",
        "pk": 3,
        "fields": {
            "name": "Frontend Developer"
        }
    },
    {
        "model": "workspace.position",
        "pk": 4,
        "fields": {
            "name": "Backend Developer"
        }
    },
    {
        "model": "workspace.position",
        "pk": 5,
        "fields": {
            "name": "Data Scientist"
        }
    },
    {
        "model": "workspace.position",
        "pk": 6,
        "fields": {
            "name": "Machine Learning Engineer"
        }
    },
    {
        "model": "workspace.position",
        "pk": 7,
        "fields": {
            "name": "QA Engineer"
        }
    },
    {
        "model": "workspace.position",
        "pk": 8,
        "fields": {
            "name": "System Administrator"
        }
    },
    {
        "model": "workspace.position",
        "pk": 9,
        "fields": {
            "name": "IT Project Manager"
        }
    },
    {
        "model": "workspace.position",
        "pk": 10,
        "fields": {
            "name": "Security Analyst"
        }
    },
    {
        "model": "workspace.tasktype",
        "pk": 1,
        "fields": {
            "name": "Code Review"
        }
    },
    {
        "model": "workspace.tasktype",
        "pk": 2,
        "fields": {
            "name": "Bug Fix"
        }
    },
    {
        "model": "workspace.tasktype",
        "pk": 3,
        "fields": {
            "name": "Feature Development"
        }
    },
    {
        "model": "workspace.tasktype",
        "pk": 4,
        "fields": {
            "name": "Unit Testing"
        }
    },
    {
        "model": "workspace.tasktype",
        "pk": 5,
        "fields": {
            "name": "Deployment"
        }
    },
    {
        "model": "workspace.tasktype",
        "pk": 6,
        "fields": {
            "name": "Documentation"
        }
    },
    {
        "model": "workspace.tasktype",
        "pk": 7,
        "fields": {
            "name": "Security Audit"
        }
    },
    {
        "model": "workspace.tasktype",
        "pk": 8,
        "fields": {
            "name": "Performance Optimization"
        }
    },
    {
        "model": "workspace.tasktype",
        "pk": 9,
        "fields": {
            "name": "Database Migration"
        }
    },
    {
        "model": "workspace.tasktype",
        "pk": 10,
        "fields": {
            "name": "UI/UX Design"
        }
    },
    {
        "model": "workspace.worker",
        "pk": 1,
        "fields": {
            "username": "annawilkerson",
            "first_name": "David",
            "last_name": "Rubio",
            "email": "moorejanet@wilkinson-deleon.biz",
            "position": 6,
            "password": "pbkdf2_sha256$260000$fake$hash",
            "is_active": true,
            "is_staff": false,
            "is_superuser": false
        }
    },
    {
        "model": "workspace.worker",
        "pk": 2,
        "fields": {
            "username": "fbrown",
            "first_name": "Jason",
            "last_name": "Sims",
            "email": "susansanchez@yahoo.com",
            "position": 1,
            "password": "pbkdf2_sha256$260000$fake$hash",
            "is_active": true,
            "is_staff": false,
            "is_superuser": false
        }
    },
    {
        "model": "workspace.worker",
        "pk": 3,
        "fields": {
            "username": "bcolon",
            "first_name": "Debbie",
            "last_name": "Hull",
            "email": "newmanlauren@kelly.com",
            "position": 4,
            "password": "pbkdf2_sha256$260000$fake$hash",
            "is_active": true,
            "is_staff": false,
            "is_superuser": false
        }
    },
    {
        "model": "workspace.worker",
        "pk": 4,
        "fields": {
            "username": "dhoward",
            "first_name": "Robert",
            "last_name": "Smith",
            "email": "david96@williams-turner.org",
            "position": 2,
            "password": "pbkdf2_sha256$260000$fake$hash",
            "is_active": true,
            "is_staff": false,
            "is_superuser": false
        }
    },
    {
        "model": "workspace.worker",
        "pk": 5,
        "fields": {
            "username": "uwilliams",
            "first_name": "Ethan",
            "last_name": "Shields",
            "email": "larsonaustin@hotmail.com",
            "position": 5,
            "password": "pbkdf2_sha256$260000$fake$hash",
            "is_active": true,
            "is_staff": false,
            "is_superuser": false
        }
    },
    {
        "model": "workspace.worker",
        "pk": 6,
        "fields": {
            "username": "nsandoval",
            "first_name": "Alexis",
            "last_name": "Stewart",
            "email": "randy06@anderson.net",
            "position": 2,
            "password": "pbkdf2_sha256$260000$fake$hash",
            "is_active": true,
            "is_staff": false,
            "is_superuser": false
        }
    },
    {
        "model": "workspace.worker",
        "pk": 7,
        "fields": {
            "username": "gordonmartha",
            "first_name": "Amanda",
            "last_name": "Golden",
            "email": "bakerdan@gmail.com",
            "position": 7,
            "password": "pbkdf2_sha256$260000$fake$hash",
            "is_active": true,
            "is_staff": false,
            "is_superuser": false
        }
    },
    {
        "model": "workspace.worker",
        "pk": 8,
        "fields": {
            "username": "williamspatricia",
            "first_name": "Jennifer",
            "last_name": "Hoffman",
            "email": "colemanjohn@lewis.org",
            "position": 8,
            "password": "pbkdf2_sha256$260000$fake$hash",
            "is_active": true,
            "is_staff": false,
            "is_superuser": false
        }
    },
    {
        "model": "workspace.worker",
        "pk": 9,
        "fields": {
            "username": "brewerjeremy",
            "first_name": "Lindsey",
            "last_name": "Cameron",
            "email": "perryvincent@gibson.com",
            "position": 10,
            "password": "pbkdf2_sha256$260000$fake$hash",
            "is_active": true,
            "is_staff": false,
            "is_superuser": false
        }
    },
    {
        "model": "workspace.worker",
        "pk": 10,
        "fields": {
            "username": "william40",
            "first_name": "Tanya",
            "last_name": "Tucker",
            "email": "rberry@hotmail.com",
            "position": 7,
            "password": "pbkdf2_sha256$260000$fake$hash",
            "is_active": true,
            "is_staff": false,
            "is_superuser": false
        }
    },
    {
        "model": "workspace.worker",
        "pk": 11,
        "fields": {
            "username": "stonebrittany",
            "first_name": "Ronald",
            "last_name": "Warren",
            "email": "matthew30@gmail.com",
            "position": 2,
            "password": "pbkdf2_sha256$260000$fake$hash",
            "is_active": true,
            "is_staff": false,
            "is_superuser": false
        }
    },
    {
        "model": "workspace.worker",
        "pk": 12,
        "fields": {
            "username": "lorinichols",
            "first_name": "Matthew",
            "last_name": "Santos",
            "email": "sarah34@hebert.com",
            "position": 7,
            "password": "pbkdf2_sha256$260000$fake$hash",
            "is_active": true,
            "is_staff": false,
            "is_superuser": false
        }
    },
    {
        "model": "workspace.worker",
        "pk": 13,
        "fields": {
            "username": "andrearich",
            "first_name": "Claudia",
            "last_name": "Proctor",
            "email": "floydkiara@gmail.com",
            "position": 6,
            "password": "pbkdf2_sha256$260000$fake$hash",
            "is_active": true,
            "is_staff": false,
            "is_superuser": false
        }
    },
    {
        "model": "workspace.worker",
        "pk": 14,
        "fields": {
            "username": "sanchezjohn",
            "first_name": "Donald",
            "last_name": "Melton",
            "email": "gloverjohn@scott-turner.com",
            "position": 1,
            "password": "pbkdf2_sha256$260000$fake$hash",
            "is_active": true,
            "is_staff": false,
            "is_superuser": false
        }
    },
    {
        "model": "workspace.worker",
        "pk": 15,
        "fields": {
            "username": "daniellebray",
            "first_name": "James",
            "last_name": "Smith",
            "email": "mcgrathalbert@taylor.info",
            "position": 1,
            "password": "pbkdf2_sha256$260000$fake$hash",
            "is_active": true,
            "is_staff": false,
            "is_superuser": false
        }
    },
    {
        "model": "workspace.worker",
        "pk": 16,
        "fields": {
            "username": "ccarson",
            "first_name": "Nicholas",
            "last_name": "Mitchell",
            "email": "owade@gardner.com",
            "position": 10,
            "password": "pbkdf2_sha256$260000$fake$hash",
            "is_active": true,
            "is_staff": false,
            "is_superuser": false
        }
    },
    {
        "model": "workspace.worker",
        "pk": 17,
        "fields": {
            "username": "evan20",
            "first_name": "Dominique",
            "last_name": "Larson",
            "email": "amber45@wilkins-ruiz.net",
            "position": 9,
            "password": "pbkdf2_sha256$260000$fake$hash",
            "is_active": true,
            "is_staff": false,
            "is_superuser": false
        }
    },
    {
        "model": "workspace.worker",
        "pk": 18,
        "fields": {
            "username": "ucook",
            "first_name": "Felicia",
            "last_name": "House",
            "email": "hughesadrian@hotmail.com",
            "position": 3,
            "password": "pbkdf2_sha256$260000$fake$hash",
            "is_active": true,
            "is_staff": false,
            "is_superuser": false
        }
    },
    {
        "model": "workspace.worker",
        "pk": 19,
        "fields": {
            "username": "josehartman",
            "first_name": "Rachel",
            "last_name": "Barton",
            "email": "jenniferhutchinson@gmail.com",
            "position": 4,
            "password": "pbkdf2_sha256$260000$fake$hash",
            "is_active": true,
            "is_staff": false,
            "is_superuser": false
        }
    },
    {
        "model": "workspace.worker",
        "pk": 20,
        "fields": {
            "username": "gregorydustin",
            "first_name": "Christina",
            "last_name": "Martin",
            "email": "steven73@arnold-anderson.com",
            "position": 8,
            "password": "pbkdf2_sha256$260000$fake$hash",
            "is_active": true,
            "is_staff": false,
            "is_superuser": false
        }
    },
    {
        "model": "workspace.worker",
        "pk": 21,
        "fields": {
            "username": "christopherrios",
            "first_name": "Donald",
            "last_name": "Robinson",
            "email": "oliviashepherd@hotmail.com",
            "position": 5,
            "password": "pbkdf2_sha256$260000$fake$hash",
            "is_active": true,
            "is_staff": false,
            "is_superuser": false
        }
    },
    {
        "model": "workspace.worker",
        "pk": 22,
        "fields": {
            "username": "janice37",
            "first_name": "Jacob",
            "last_name": "Davis",
            "email": "gary79@daniel-phillips.com",
            "position": 5,
            "password": "pbkdf2_sha256$260000$fake$hash",
            "is_active": true,
            "is_staff": false,
            "is_superuser": false
        }
    },
    {
        "model": "workspace.worker",
        "pk": 23,
        "fields": {
            "username": "masonmandy",
            "first_name": "Matthew",
            "last_name": "Barker",
            "email": "drewlopez@kent.org",
            "position": 4,
            "password": "pbkdf2_sha256$260000$fake$hash",
            "is_active": true,
            "is_staff": false,
            "is_superuser": false
        }
    },
    {
        "model": "workspace.worker",
        "pk": 24,
        "fields": {
            "username": "jclay",
            "first_name": "Michael",
            "last_name": "Mora",
            "email": "carriehamilton@yahoo.com",
            "position": 4,
            "password": "pbkdf2_sha256$260000$fake$hash",
            "is_active": true,
            "is_staff": false,
            "is_superuser": false
        }
    },
    {
        "model": "workspace.worker",
        "pk": 25,
        "fields": {
            "username": "mphillips",
            "first_name": "Joshua",
            "last_name": "Smith",
            "email": "nmorgan@yahoo.com",
            "position": 9,
            "password": "pbkdf2_sha256$260000$fake$hash",
            "is_active": true,
            "is_staff": false,
            "is_superuser": false
        }
    },
    {
        "model": "workspace.worker",
        "pk": 26,
        "fields": {
            "username": "ymorris",
            "first_name": "Christopher",
            "last_name": "Casey",
            "email": "martinezhelen@wolfe.com",
            "position": 4,
            "password": "pbkdf2_sha256$260000$fake$hash",
            "is_active": true,
            "is_staff": false,
            "is_superuser": false
        }
    },
    {
        "model": "workspace.worker",
        "pk": 27,
        "fields": {
            "username": "courtneyanderson",
            "first_name": "Christina",
            "last_name": "Castro",
            "email": "lori61@mejia.com",
            "position": 2,
            "password": "pbkdf2_sha256$260000$fake$hash",
            "is_active": true,
            "is_staff": false,
            "is_superuser": false
        }
    },
    {
        "model": "workspace.worker",
        "pk": 28,
        "fields": {
            "username": "freid",
            "first_name": "Taylor",
            "last_name": "Simpson",
            "email": "ywilliams@romero.org",
            "position": 8,
            "password": "pbkdf2_sha256$260000$fake$hash",
            "is_active": true,
            "is_staff": false,
            "is_superuser": false
        }
    },
    {
        "model": "workspace.worker",
        "pk": 29,
        "fields": {
            "username": "princepeter",
            "first_name": "Timothy",
            "last_name": "Blair",
            "email": "catherinezhang@hotmail.com",
            "position": 2,
            "password": "pbkdf2_sha256$260000$fake$hash",
            "is_active": true,
            "is_staff": false,
            "is_superuser": false
        }
    },
    {
        "model": "workspace.worker",
        "pk": 30,
        "fields": {
            "username": "michael07",
            "first_name": "Victor",
            "last_name": "Hoover",
            "email": "ctanner@hotmail.com",
            "position": 7,
            "password": "pbkdf2_sha256$260000$fake$hash",
            "is_active": true,
            "is_staff": false,
            "is_superuser": false
        }
    },
    {
        "model": "workspace.worker",
        "pk": 31,
        "fields": {
            "username": "ulittle",
            "first_name": "Kimberly",
            "last_name": "Mejia",
            "email": "jeromegrant@stephens.com",
            "position": 10,
            "password": "pbkdf2_sha256$260000$fake$hash",
            "is_active": true,
            "is_staff": false,
            "is_superuser": false
        }
    },
    {
        "model": "workspace.worker",
        "pk": 32,
        "fields": {
            "username": "edwardsjames",
            "first_name": "Amanda",
            "last_name": "Medina",
            "email": "emilywilson@hayes.com",
            "position": 2,
            "password": "pbkdf2_sha256$260000$fake$hash",
            "is_active": true,
            "is_staff": false,
            "is_superuser": false
        }
    },
    {
        "model": "workspace.worker",
        "pk": 33,
        "fields": {
            "username": "campbelldustin",
            "first_name": "John",
            "last_name": "Rubio",
            "email": "nancy74@chaney.com",
            "position": 3,
            "password": "pbkdf2_sha256$260000$fake$hash",
            "is_active": true,
            "is_staff": false,
            "is_superuser": false
        }
    },
    {
        "model": "workspace.worker",
        "pk": 34,
        "fields": {
            "username": "heather44",
            "first_name": "Edward",
            "last_name": "Owens",
            "email": "bnguyen@newton-colon.com",
            "position": 8,
            "password": "pbkdf2_sha256$260000$fake$hash",
            "is_active": true,
            "is_staff": false,
            "is_superuser": false
        }
    },
    {
        "model": "workspace.worker",
        "pk": 35,
        "fields": {
            "username": "keith46",
            "first_name": "Jessica",
            "last_name": "Henry",
            "email": "uwoodard@moore.org",
            "position": 5,
            "password": "pbkdf2_sha256$260000$fake$hash",
            "is_active": true,
            "is_staff": false,
            "is_superuser": false
        }
    },
    {
        "model": "workspace.worker",
        "pk": 36,
        "fields": {
            "username": "kathyruiz",
            "first_name": "Destiny",
            "last_name": "Brooks",
            "email": "ehuff@ramsey.biz",
            "position": 2,
            "password": "pbkdf2_sha256$260000$fake$hash",
            "is_active": true,
            "is_staff": false,
            "is_superuser": false
        }
    },
    {
        "model": "workspace.worker",
        "pk": 37,
        "fields": {
            "username": "igonzalez",
            "first_name": "Michael",
            "last_name": "Mullen",
            "email": "ppeterson@hotmail.com",
            "position": 5,
            "password": "pbkdf2_sha256$260000$fake$hash",
            "is_active": true,
            "is_staff": false,
            "is_superuser": false
        }
    },
    {
        "model": "workspace.worker",
        "pk": 38,
        "fields": {
            "username": "david70",
            "first_name": "Denise",
            "last_name": "Huynh",
            "email": "hmorgan@hotmail.com",
            "position": 3,
            "password": "pbkdf2_sha256$260000$fake$hash",
            "is_active": true,
            "is_staff": false,
            "is_superuser": false
        }
    },
    {
        "model": "workspace.worker",
        "pk": 39,
        "fields": {
            "username": "sandralarsen",
            "first_name": "Debbie",
            "last_name": "Huff",
            "email": "ksmith@gmail.com",
            "position": 2,
            "password": "pbkdf2_sha256$260000$fake$hash",
            "is_active": true,
            "is_staff": false,
            "is_superuser": false
        }
    },
    {
        "model": "workspace.worker",
        "pk": 40,
        "fields": {
            "username": "lisaharris",
            "first_name": "Nathan",
            "last_name": "Cox",
            "email": "rebecca85@davis.com",
            "position": 5,
            "password": "pbkdf2_sha256$260000$fake$hash",
            "is_active": true,
            "is_staff": false,
            "is_superuser": false
        }
    },
    {
        "model": "workspace.worker",
        "pk": 41,
        "fields": {
            "username": "kristin21",
            "first_name": "Richard",
            "last_name": "Schroeder",
            "email": "kennethvalencia@jones-andrews.net",
            "position": 6,
            "password": "pbkdf2_sha256$260000$fake$hash",
            "is_active": true,
            "is_staff": false,
            "is_superuser": false
        }
    },
    {
        "model": "workspace.worker",
        "pk": 42,
        "fields": {
            "username": "sophiastout",
            "first_name": "Patrick",
            "last_name": "Yu",
            "email": "martinezyolanda@hotmail.com",
            "position": 10,
            "password": "pbkdf2_sha256$260000$fake$hash",
            "is_active": true,
            "is_staff": false,
            "is_superuser": false
        }
    },
    {
        "model": "workspace.worker",
        "pk": 43,
        "fields": {
            "username": "meganduncan",
            "first_name": "Nancy",
            "last_name": "Moon",
            "email": "travisthomas@taylor.com",
            "position": 5,
            "password": "pbkdf2_sha256$260000$fake$hash",
            "is_active": true,
            "is_staff": false,
            "is_superuser": false
        }
    },
    {
        "model": "workspace.worker",
        "pk": 44,
        "fields": {
            "username": "lindsey56",
            "first_name": "Jose",
            "last_name": "Thornton",
            "email": "sharon12@patrick.biz",
            "position": 7,
            "password": "pbkdf2_sha256$260000$fake$hash",
            "is_active": true,
            "is_staff": false,
            "is_superuser": false
        }
    },
    {
        "model": "workspace.worker",
        "pk": 45,
        "fields": {
            "username": "twalter",
            "first_name": "Mariah",
            "last_name": "Clark",
            "email": "briggs@yahoo.com",
            "position": 7,
            "password": "pbkdf2_sha256$260000$fake$hash",
            "is_active": true,
            "is_staff": false,
            "is_superuser": false
        }
    },
    {
        "model": "workspace.worker",
        "pk": 46,
        "fields": {
            "username": "james54",
            "first_name": "Evan",
            "last_name": "Turner",
            "email": "brittneycoleman@yahoo.com",
            "position": 7,
            "password": "pbkdf2_sha256$260000$fake$hash",
            "is_active": true,
            "is_staff": false,
            "is_superuser": false
        }
    },
    {
        "model": "workspace.worker",
        "pk": 47,
        "fields": {
            "username": "mcdonaldchristopher",
            "first_name": "Richard",
            "last_name": "Estrada",
            "email": "patricialeonard@becker.com",
            "position": 5,
            "password": "pbkdf2_sha256$260000$fake$hash",
            "is_active": true,
            "is_staff": false,
            "is_superuser": false
        }
    },
    {
        "model": "workspace.worker",
        "pk": 48,
        "fields": {
            "username": "lawrenceandrews",
            "first_name": "Stephen",
            "last_name": "Miller",
            "email": "dana09@jenkins.net",
            "position": 9,
            "password": "pbkdf2_sha256$260000$fake$hash",
            "is_active": true,
            "is_staff": false,
            "is_superuser": false
        }
    },
    {
        "model": "workspace.worker",
        "pk": 49,
        "fields": {
            "username": "brandon53",
            "first_name": "James",
            "last_name": "Jimenez",
            "email": "zunigalauren@yahoo.com",
            "position": 4,
            "password": "pbkdf2_sha256$260000$fake$hash",
            "is_active": true,
            "is_staff": false,
            "is_superuser": false
        }
    },
    {
        "model": "workspace.worker",
        "pk": 50,
        "fields": {
            "username": "miwa",
            "first_name": "Admin",
            "last_name": "User",
            "email": "miwa@example.com",
            "position": 4,
            "password": "pbkdf2_sha256$260000$secure$hashedpassword",
            "is_active": true,
            "is_staff": true,
            "is_superuser": true
        }
    },
    {
        "model": "workspace.task",
        "pk": 1,
        "fields": {
            "name": "Innovative fresh-thinking forecast",
            "description": "Fast because if food. Table look itself miss.\nBit every everything. Either movie coach his. Myself care common hour.",
            "deadline": "2025-06-04T12:54:11.715039",
            "is_complete": true,
            "priority": "HI",
            "task_type": 1,
            "assignees": [
                36,
                16,
                31
            ]
        }
    },
    {
        "model": "workspace.task",
        "pk": 2,
        "fields": {
            "name": "Down-sized disintermediate adapter",
            "description": "Visit phone certain religious race. Oil drive never official marriage.\nPrevent new wind about hear however. Fly check too. Social girl six painting dream.",
            "deadline": "2025-05-31T12:54:11.715219",
            "is_complete": false,
            "priority": "LW",
            "task_type": 2,
            "assignees": [
                3,
                50,
                27,
                37
            ]
        }
    },
    {
        "model": "workspace.task",
        "pk": 3,
        "fields": {
            "name": "Right-sized client-server utilization",
            "description": "Around newspaper find stay.\nForget TV and clear defense beautiful language. Only least investment already whatever director real course.",
            "deadline": "2025-05-19T12:54:11.715366",
            "is_complete": false,
            "priority": "HI",
            "task_type": 2,
            "assignees": [
                42,
                12,
                27,
                23
            ]
        }
    },
    {
        "model": "workspace.task",
        "pk": 4,
        "fields": {
            "name": "Re-contextualized non-volatile access",
            "description": "Outside keep interest for charge as those plan. Role later up left. Buy policy despite.",
            "deadline": "2025-05-22T12:54:11.715509",
            "is_complete": false,
            "priority": "LW",
            "task_type": 1,
            "assignees": [
                21
            ]
        }
    },
    {
        "model": "workspace.task",
        "pk": 5,
        "fields": {
            "name": "Expanded non-volatile function",
            "description": "Mention song show answer art either likely cold. Only series different not traditional camera tend.\nCoach record approach behavior factor. Forget off trade.",
            "deadline": "2025-05-25T12:54:11.715676",
            "is_complete": false,
            "priority": "HI",
            "task_type": 9,
            "assignees": [
                44,
                1,
                8
            ]
        }
    },
    {
        "model": "workspace.task",
        "pk": 6,
        "fields": {
            "name": "Extended cohesive collaboration",
            "description": "Star pull school cultural pick be page. Him recognize speak American reality practice.\nTruth few section whom amount use. Base eat commercial while Mrs but town.",
            "deadline": "2025-05-17T12:54:11.715836",
            "is_complete": true,
            "priority": "UR",
            "task_type": 10,
            "assignees": [
                42
            ]
        }
    },
    {
        "model": "workspace.task",
        "pk": 7,
        "fields": {
            "name": "Reactive local monitoring",
            "description": "Whatever word soon out. Notice energy reveal trade glass. Society deep look read want institution travel. Sort seem majority want sell.",
            "deadline": "2025-05-16T12:54:11.715973",
            "is_complete": false,
            "priority": "HI",
            "task_type": 6,
            "assignees": [
                13,
                26,
                8,
                10
            ]
        }
    },
    {
        "model": "workspace.task",
        "pk": 8,
        "fields": {
            "name": "Realigned methodical help-desk",
            "description": "Form eat door according fight major start. Front upon provide along hot check.\nMight avoid letter personal during the garden. Receive might lose rock rock work address trade. Itself the soldier next.",
            "deadline": "2025-06-05T12:54:11.716143",
            "is_complete": false,
            "priority": "UR",
            "task_type": 3,
            "assignees": [
                47,
                34,
                20,
                4
            ]
        }
    },
    {
        "model": "workspace.task",
        "pk": 9,
        "fields": {
            "name": "Profit-focused contextually-based budgetary management",
            "description": "Especially new prepare interesting various century mean. Attention administration watch whose behavior realize deep. Apply rock good. Choice none suddenly give.",
            "deadline": "2025-06-12T12:54:11.716297",
            "is_complete": true,
            "priority": "MD",
            "task_type": 9,
            "assignees": [
                50,
                4,
                17,
                48,
                10
            ]
        }
    },
    {
        "model": "workspace.task",
        "pk": 10,
        "fields": {
            "name": "Function-based 24hour throughput",
            "description": "Drug think paper whatever.\nCertainly accept decision art similar. Safe government get affect join activity. Choice conference activity consumer change.",
            "deadline": "2025-05-17T12:54:11.716449",
            "is_complete": false,
            "priority": "LW",
            "task_type": 3,
            "assignees": [
                10,
                21
            ]
        }
    },
    {
        "model": "workspace.task",
        "pk": 11,
        "fields": {
            "name": "Face-to-face encompassing adapter",
            "description": "Left environmental represent myself relationship Republican race force. Through church wear run often include box. Form order professional cold campaign.",
            "deadline": "2025-06-09T12:54:11.716585",
            "is_complete": true,
            "priority": "HI",
            "task_type": 4,
            "assignees": [
                5,
                37
            ]
        }
    },
    {
        "model": "workspace.task",
        "pk": 12,
        "fields": {
            "name": "Polarized non-volatile interface",
            "description": "Without seek shoulder popular like natural. Become simple write painting. Stop quite candidate hundred usually.\nStill spend baby yourself. Treatment value deal situation either detail.",
            "deadline": "2025-05-25T12:54:11.716750",
            "is_complete": false,
            "priority": "MD",
            "task_type": 8,
            "assignees": [
                44,
                10,
                27
            ]
        }
    },
    {
        "model": "workspace.task",
        "pk": 13,
        "fields": {
            "name": "Digitized heuristic pricing structure",
            "description": "Mind special matter fly next. Information price term decide call coach management. Sign amount structure common guess its there.",
            "deadline": "2025-05-29T12:54:11.716877",
            "is_complete": false,
            "priority": "LW",
            "task_type": 9,
            "assignees": [
                7,
                20,
                22,
                14
            ]
        }
    },
    {
        "model": "workspace.task",
        "pk": 14,
        "fields": {
            "name": "Robust system-worthy capacity",
            "description": "Actually only difficult ahead. Or talk mind street. Sister owner everybody actually southern medical stay arrive. Hard consumer accept board.",
            "deadline": "2025-05-27T12:54:11.717013",
            "is_complete": true,
            "priority": "UR",
            "task_type": 10,
            "assignees": [
                41,
                31,
                32,
                40,
                50
            ]
        }
    },
    {
        "model": "workspace.task",
        "pk": 15,
        "fields": {
            "name": "Phased multi-state attitude",
            "description": "Production son significant join. Discuss market build Democrat.\nGarden organization lot college economy performance. Various southern PM show. Adult pull herself trade focus.",
            "deadline": "2025-05-28T12:54:11.717172",
            "is_complete": false,
            "priority": "HI",
            "task_type": 7,
            "assignees": [
                4,
                23
            ]
        }
    },
    {
        "model": "workspace.task",
        "pk": 16,
        "fields": {
            "name": "Self-enabling high-level installation",
            "description": "Activity college fly collection your. Process well sometimes environment history suffer believe sell.\nDifficult teach care. Too night as wait.",
            "deadline": "2025-05-29T12:54:11.717315",
            "is_complete": false,
            "priority": "UR",
            "task_type": 7,
            "assignees": [
                15,
                37,
                7
            ]
        }
    },
    {
        "model": "workspace.task",
        "pk": 17,
        "fields": {
            "name": "Cross-platform non-volatile moderator",
            "description": "Country per head purpose. Country under point free. Over single eye election.\nProfessor song Mr site. Also both institution scientist. Study address pretty language.",
            "deadline": "2025-06-14T12:54:11.717468",
            "is_complete": false,
            "priority": "LW",
            "task_type": 1,
            "assignees": [
                45,
                37,
                8,
                22,
                43
            ]
        }
    },
    {
        "model": "workspace.task",
        "pk": 18,
        "fields": {
            "name": "Centralized bandwidth-monitored leverage",
            "description": "Name let camera enjoy second. Beautiful detail drop. Politics hope key customer industry.\nImprove stuff many away rule case. Attack stage off stop all power accept.",
            "deadline": "2025-06-02T12:54:11.717621",
            "is_complete": false,
            "priority": "HI",
            "task_type": 8,
            "assignees": [
                47
            ]
        }
    },
    {
        "model": "workspace.task",
        "pk": 19,
        "fields": {
            "name": "Intuitive asynchronous projection",
            "description": "Smile break prove picture. View blue because smile last present player market.\nBed street law add people agree room. Character institution at up. Image feel month serve military often over.",
            "deadline": "2025-05-22T12:54:11.717772",
            "is_complete": true,
            "priority": "HI",
            "task_type": 6,
            "assignees": [
                6
            ]
        }
    },
    {
        "model": "workspace.task",
        "pk": 20,
        "fields": {
            "name": "Virtual impactful portal",
            "description": "Upon deep discover senior. Consumer response hard career. Cold couple sound this new.",
            "deadline": "2025-05-19T12:54:11.717903",
            "is_complete": false,
            "priority": "LW",
            "task_type": 1,
            "assignees": [
                38,
                14
            ]
        }
    },
    {
        "model": "workspace.task",
        "pk": 21,
        "fields": {
            "name": "Optional zero-defect alliance",
            "description": "Realize world occur sit page base. Best full painting me visit. Laugh type charge various paper.",
            "deadline": "2025-05-26T12:54:11.718046",
            "is_complete": false,
            "priority": "LW",
            "task_type": 2,
            "assignees": [
                18,
                31,
                38
            ]
        }
    },
    {
        "model": "workspace.task",
        "pk": 22,
        "fields": {
            "name": "Enterprise-wide empowering functionalities",
            "description": "Listen Democrat there hand beat both.\nAbove player maybe his position success. Especially throughout to behavior amount ready do.\nPay weight many must. Serve specific investment stuff marriage.",
            "deadline": "2025-06-11T12:54:11.718205",
            "is_complete": false,
            "priority": "MD",
            "task_type": 5,
            "assignees": [
                10
            ]
        }
    },
    {
        "model": "workspace.task",
        "pk": 23,
        "fields": {
            "name": "Face-to-face incremental adapter",
            "description": "Several about summer among. Young bill community hand must.\nReason face especially dream possible. Picture foreign on explain development.",
            "deadline": "2025-06-03T12:54:11.718339",
            "is_complete": false,
            "priority": "LW",
            "task_type": 3,
            "assignees": [
                40
            ]
        }
    },
    {
        "model": "workspace.task",
        "pk": 24,
        "fields": {
            "name": "Enhanced encompassing time-frame",
            "description": "Station simple gun good effect region. Speak federal realize item scene mind number perhaps.\nSeveral artist author environment sell recognize increase agent.",
            "deadline": "2025-05-18T12:54:11.718479",
            "is_complete": false,
            "priority": "HI",
            "task_type": 8,
            "assignees": [
                31,
                26,
                3
            ]
        }
    },
    {
        "model": "workspace.task",
        "pk": 25,
        "fields": {
            "name": "Grass-roots 3rdgeneration extranet",
            "description": "Cost many heart choice six. Future organization ball person thank indicate financial. Including along ten write player out card though.",
            "deadline": "2025-06-09T12:54:11.718622",
            "is_complete": true,
            "priority": "LW",
            "task_type": 1,
            "assignees": [
                35,
                3,
                19,
                6
            ]
        }
    },
    {
        "model": "workspace.task",
        "pk": 26,
        "fields": {
            "name": "Customizable client-driven standardization",
            "description": "Week sport exist particularly student war. Result around central before and whether. Stock leg condition wish behavior myself already.",
            "deadline": "2025-05-24T12:54:11.718748",
            "is_complete": false,
            "priority": "LW",
            "task_type": 3,
            "assignees": [
                24,
                16
            ]
        }
    },
    {
        "model": "workspace.task",
        "pk": 27,
        "fields": {
            "name": "Polarized dedicated parallelism",
            "description": "Carry admit human serve design give remember really.",
            "deadline": "2025-05-25T12:54:11.718873",
            "is_complete": false,
            "priority": "MD",
            "task_type": 4,
            "assignees": [
                9,
                37,
                5,
                13
            ]
        }
    },
    {
        "model": "workspace.task",
        "pk": 28,
        "fields": {
            "name": "Versatile local challenge",
            "description": "Safe tax address value next their carry. Report whole recent foreign conference whose. Conference very product grow certain.",
            "deadline": "2025-05-21T12:54:11.719005",
            "is_complete": true,
            "priority": "HI",
            "task_type": 2,
            "assignees": [
                49,
                45,
                8
            ]
        }
    },
    {
        "model": "workspace.task",
        "pk": 29,
        "fields": {
            "name": "Expanded well-modulated support",
            "description": "Gas price rich agree away win back. Over natural long art full.\nImage political plan exist. Event let usually in model home ever our.",
            "deadline": "2025-05-20T12:54:11.719139",
            "is_complete": false,
            "priority": "MD",
            "task_type": 8,
            "assignees": [
                36
            ]
        }
    },
    {
        "model": "workspace.task",
        "pk": 30,
        "fields": {
            "name": "Self-enabling fault-tolerant definition",
            "description": "Real cup even power there. Spend ball worry less.\nAfter there coach. Here must ground by discover leg at. Government pay class out within care policy.",
            "deadline": "2025-06-04T12:54:11.719282",
            "is_complete": true,
            "priority": "HI",
            "task_type": 9,
            "assignees": [
                9,
                6,
                15,
                8,
                46
            ]
        }
    },
    {
        "model": "workspace.task",
        "pk": 31,
        "fields": {
            "name": "Persistent zero-defect flexibility",
            "description": "Site air remain born against the cup. Event radio table tree worry.\nAir term baby. Second interesting dog test just. Matter senior choose also.",
            "deadline": "2025-05-22T12:54:11.719425",
            "is_complete": true,
            "priority": "UR",
            "task_type": 4,
            "assignees": [
                1,
                26,
                48,
                45,
                35
            ]
        }
    },
    {
        "model": "workspace.task",
        "pk": 32,
        "fields": {
            "name": "Operative grid-enabled alliance",
            "description": "Series relate end certainly some power cut far. Senior rather painting writer police soldier join.\nAlso their system. Skin market right must a consumer mean. Each hour ten hold card.",
            "deadline": "2025-05-31T12:54:11.719592",
            "is_complete": false,
            "priority": "MD",
            "task_type": 4,
            "assignees": [
                43,
                4
            ]
        }
    },
    {
        "model": "workspace.task",
        "pk": 33,
        "fields": {
            "name": "Streamlined fresh-thinking application",
            "description": "Clearly very exist relationship. Product ten good future social land film lot. Break population write beat author see only.",
            "deadline": "2025-06-10T12:54:11.719755",
            "is_complete": true,
            "priority": "LW",
            "task_type": 9,
            "assignees": [
                24,
                25,
                34,
                8
            ]
        }
    },
    {
        "model": "workspace.task",
        "pk": 34,
        "fields": {
            "name": "Proactive dedicated architecture",
            "description": "Could his within use subject near. Else animal budget seek particular born.\nSummer bag medical other.",
            "deadline": "2025-05-27T12:54:11.719904",
            "is_complete": true,
            "priority": "LW",
            "task_type": 8,
            "assignees": [
                15,
                38,
                45,
                13,
                18
            ]
        }
    },
    {
        "model": "workspace.task",
        "pk": 35,
        "fields": {
            "name": "Adaptive upward-trending framework",
            "description": "Attack close machine quickly claim usually. Out increase collection method. Force several place dog certain close.",
            "deadline": "2025-06-03T12:54:11.720038",
            "is_complete": true,
            "priority": "LW",
            "task_type": 2,
            "assignees": [
                41,
                50,
                32,
                19
            ]
        }
    },
    {
        "model": "workspace.task",
        "pk": 36,
        "fields": {
            "name": "Multi-channeled encompassing info-mediaries",
            "description": "Than force political practice miss. Mouth discuss eat environmental. Rather seat explain even.",
            "deadline": "2025-05-16T12:54:11.720178",
            "is_complete": true,
            "priority": "HI",
            "task_type": 5,
            "assignees": [
                18
            ]
        }
    },
    {
        "model": "workspace.task",
        "pk": 37,
        "fields": {
            "name": "Advanced mission-critical approach",
            "description": "Represent person break tax indeed.\nEnd himself day physical student near sound. Our imagine note movement board upon. Pretty under control travel international create fight.",
            "deadline": "2025-05-17T12:54:11.720335",
            "is_complete": false,
            "priority": "HI",
            "task_type": 1,
            "assignees": [
                18,
                49,
                15,
                25
            ]
        }
    },
    {
        "model": "workspace.task",
        "pk": 38,
        "fields": {
            "name": "Automated multi-state algorithm",
            "description": "Involve including various health determine. Base report station recognize answer class thought exactly. Feeling place lead fire organization specific. Tv member task support cup daughter center.",
            "deadline": "2025-06-06T12:54:11.720591",
            "is_complete": false,
            "priority": "UR",
            "task_type": 3,
            "assignees": [
                17,
                36,
                41,
                45
            ]
        }
    },
    {
        "model": "workspace.task",
        "pk": 39,
        "fields": {
            "name": "Cross-group 24hour infrastructure",
            "description": "Different common economy detail entire house up with. Interview they huge smile end expert. Attorney western enjoy traditional certainly word force.",
            "deadline": "2025-06-10T12:54:11.720745",
            "is_complete": true,
            "priority": "LW",
            "task_type": 8,
            "assignees": [
                44,
                1
            ]
        }
    },
    {
        "model": "workspace.task",
        "pk": 40,
        "fields": {
            "name": "Diverse context-sensitive encryption",
            "description": "Test collection painting material meeting. A change despite born PM day leader. Leg fire true exist. Daughter tree bar behavior.",
            "deadline": "2025-05-31T12:54:11.720890",
            "is_complete": false,
            "priority": "LW",
            "task_type": 6,
            "assignees": [
                12,
                6,
                8,
                22
            ]
        }
    },
    {
        "model": "workspace.task",
        "pk": 41,
        "fields": {
            "name": "Future-proofed holistic solution",
            "description": "Just crime business know organization pretty news. Product music well science article point sort law. Serve modern sort article.",
            "deadline": "2025-05-19T12:54:11.721013",
            "is_complete": false,
            "priority": "HI",
            "task_type": 9,
            "assignees": [
                44,
                2,
                21
            ]
        }
    },
    {
        "model": "workspace.task",
        "pk": 42,
        "fields": {
            "name": "Cloned static projection",
            "description": "Issue stage energy less voice. Newspaper memory imagine knowledge record those.\nMust with practice newspaper. Face civil hold policy back well. Within mother charge that kitchen. At act Mr west.",
            "deadline": "2025-06-07T12:54:11.721165",
            "is_complete": false,
            "priority": "LW",
            "task_type": 6,
            "assignees": [
                37,
                32
            ]
        }
    },
    {
        "model": "workspace.task",
        "pk": 43,
        "fields": {
            "name": "Down-sized neutral strategy",
            "description": "Political least represent. Role describe finish. Resource hold mind sure hour day.",
            "deadline": "2025-05-17T12:54:11.721303",
            "is_complete": true,
            "priority": "HI",
            "task_type": 2,
            "assignees": [
                49
            ]
        }
    },
    {
        "model": "workspace.task",
        "pk": 44,
        "fields": {
            "name": "Exclusive holistic array",
            "description": "Recently expert quickly soldier. Enough produce thousand ask paper.\nDetermine executive music election yeah. Price language safe experience fight some be.",
            "deadline": "2025-06-09T12:54:11.721444",
            "is_complete": false,
            "priority": "LW",
            "task_type": 3,
            "assignees": [
                18,
                49,
                8,
                25,
                22
            ]
        }
    },
    {
        "model": "workspace.task",
        "pk": 45,
        "fields": {
            "name": "Reduced intermediate data-warehouse",
            "description": "Light population defense may particular. Commercial rate feel general baby player. People magazine house hair character.\nTree fear great. Who box fast know.",
            "deadline": "2025-05-22T12:54:11.721603",
            "is_complete": true,
            "priority": "HI",
            "task_type": 1,
            "assignees": [
                15,
                38,
                26,
                47,
                42
            ]
        }
    }
]